{
    "adminsidemenu": [{
            "path": "/cellnet/admin-dashboard",
            "title": "Dashboard",
            "icon": "dashboard",
            "class": ""
        },
        {
            "path": "/cellnet/upload-csv",
            "title": "Upload CSV",
            "icon": "cloud_upload",
            "class": ""
        },
        {
            "path": "/cellnet/view-data",
            "title": "Show Data",
            "icon": "pageview",
            "class": ""
        },
        {
            "path": "/cellnet/emp-details",
            "title": "Add/Delete Employee",
            "icon": "border_color",
            "class": ""
        },
        {
            "path": "/cellnet/user-profile",
            "title": "Logout",
            "icon": "power_settings_new",
            "class": ""
        }
    ],
    "teamleadersidemenu": [{
            "path": "/cellnet/emp-dashboard",
            "title": "Dashboard",
            "icon": "dashboard",
            "class": "",
            "isAdminModule": true
        },
        {
            "path": "/cellnet/feedback-form",
            "title": "Assign work",
            "icon": "location_on",
            "class": ""
        },
        {
            "path": "",
            "title": "My Profile",
            "icon": "notifications",
            "class": ""
        },
        
        {
            "path": "/cellnet/user-profile",
            "title": "Logout",
            "icon": "power_settings_new",
            "class": ""
        }
    ],
    "otherempsidemenu": [{
            "path": "/cellnet/emp-dashboard",
            "title": "Dashboard",
            "icon": "dashboard",
            "class": "",
            "isAdminModule": true
        },
        {
            "path": "",
            "title": "My Profile",
            "icon": "notifications",
            "class": ""
        },
        {
            "path": "/cellnet/user-profile",
            "title": "Logout",
            "icon": "power_settings_new",
            "class": ""
        }
    ]
}